"Name","Team","W","L","ERA","G","GS","CG","ShO","SV","HLD","BS","IP","TBF","H","R","ER","HR","BB","IBB","HBP","WP","BK","SO","playerid"
"Yency Almonte","LAD","0","0","1.02","33","0","0","0","1","8","1","35.1","135","18","4","4","2","10","1","4","0","0","33","15068"
"Evan Phillips","LAD","7","3","1.14","64","0","0","0","2","19","2","63.0","233","33","11","8","2","15","1","3","0","0","77","17734"
"Ryne Stanek","HOU","2","1","1.15","59","0","0","0","1","17","4","54.2","224","36","8","7","2","31","1","0","4","0","62","15947"
"Ryan Helsley","STL","9","1","1.25","54","0","0","0","19","7","4","64.2","239","28","11","9","6","20","1","0","1","0","94","18138"
"Edwin Diaz","NYM","3","1","1.31","61","0","0","0","32","4","3","62.0","235","34","9","9","3","18","1","2","2","0","118","14710"
"Emmanuel Clase","CLE","3","4","1.36","77","0","0","0","42","0","4","72.2","271","43","18","11","3","10","2","1","4","0","77","21032"
"Cionel Perez","BAL","7","1","1.40","66","0","0","0","1","24","0","57.2","234","46","11","9","2","21","1","1","4","0","55","19614"
"Anthony Bass","- - -","4","3","1.54","73","0","0","0","0","23","3","70.1","275","51","15","12","6","20","1","0","2","0","73","7982"
"Jason Adam","TBR","2","3","1.56","67","0","0","0","8","21","4","63.1","237","31","12","11","5","17","2","6","2","0","75","11861"
"Erik Swanson","SEA","3","2","1.68","57","1","0","0","3","14","2","53.2","206","39","11","10","3","10","1","1","1","0","70","16587"
"Justin Verlander","HOU","18","4","1.75","28","28","0","0","0","0","0","175.0","666","116","43","34","12","29","0","6","3","0","185","8700"
"Daniel Bard","COL","6","4","1.79","57","0","0","0","34","0","3","60.1","245","35","15","12","3","25","1","3","3","0","69","7115"
"Caleb Ferguson","LAD","1","0","1.82","37","1","0","0","0","7","0","34.2","142","23","9","7","1","17","0","2","0","0","37","19349"
"Alexis Diaz","CIN","7","3","1.84","59","0","0","0","10","13","4","63.2","255","28","18","13","5","33","3","5","7","0","83","21132"
"Jhoan Duran","MIN","2","4","1.86","57","0","0","0","8","18","0","67.2","266","50","15","14","6","16","3","4","6","0","89","21029"
"Devin Williams","MIL","6","4","1.93","65","0","0","0","15","26","2","60.2","240","31","17","13","2","30","1","3","5","0","96","15816"
"Bryan Abreu","HOU","4","0","1.94","55","0","0","0","2","8","0","60.1","248","45","16","13","2","26","0","4","7","0","88","16609"
"Matt Moore","TEX","5","2","1.95","63","0","0","0","5","14","1","74.0","304","49","20","16","3","38","2","1","8","0","83","1890"
"Brock Burke","TEX","7","5","1.97","52","0","0","0","0","9","5","82.1","328","63","25","18","9","24","1","2","2","1","90","17968"
"Ron Marinaccio","NYY","1","0","2.05","40","0","0","0","0","6","0","44.0","181","22","12","10","2","24","0","6","5","0","56","23488"
"Adam Ottavino","NYM","6","3","2.06","66","0","0","0","3","18","3","65.2","258","48","15","15","6","16","2","5","7","0","79","1247"
"A.J. Minter","ATL","5","4","2.06","75","0","0","0","5","34","4","70.0","271","49","21","16","5","15","0","3","3","0","94","18655"
"James Karinchak","CLE","2","0","2.08","38","0","0","0","3","8","1","39.0","160","22","9","9","2","21","0","1","4","0","62","20151"
"Zack Thompson","STL","1","1","2.08","22","1","0","0","1","0","0","34.2","136","20","9","8","3","14","0","0","1","0","27","25918"
"Seth Martinez","HOU","1","1","2.09","29","0","0","0","0","2","0","38.2","155","26","10","9","3","14","1","1","0","0","38","21045"
"Jordan Romano","TOR","5","4","2.11","63","0","0","0","36","2","6","64.0","258","44","18","15","4","21","4","4","0","0","73","16122"
"Dylan Lee","ATL","5","1","2.13","46","0","0","0","0","9","3","50.2","201","40","16","12","5","10","1","0","0","0","59","19996"
"Tony Gonsolin","LAD","16","1","2.14","24","24","0","0","0","0","0","130.1","498","79","32","31","11","35","1","4","5","0","119","19388"
"Alex Vesia","LAD","5","0","2.15","63","0","0","0","1","16","2","54.1","227","37","14","13","2","24","1","2","2","0","79","25007"
"Julio Urias","LAD","17","7","2.16","31","31","0","0","0","0","0","175.0","689","127","51","42","23","41","0","5","0","1","166","14765"
"Scott Barlow","KCR","7","4","2.18","69","0","0","0","24","6","4","74.1","290","52","23","18","9","22","1","3","5","0","77","14993"
"Hayden Wesneski","CHC","3","2","2.18","6","4","0","0","0","0","0","33.0","132","24","9","8","3","7","0","3","0","0","33","27581"
"Kyle Nelson","ARI","2","1","2.19","43","1","0","0","0","11","0","37.0","151","26","10","9","1","14","0","3","1","0","30","20515"
"Felix Bautista","BAL","4","4","2.19","65","0","0","0","15","13","2","65.2","253","38","18","16","7","23","1","1","2","0","88","20666"
"Dylan Cease","CHW","14","8","2.20","32","32","1","1","0","0","0","184.0","747","126","55","45","16","78","2","3","7","1","227","18525"
"Jovani Moran","MIN","0","1","2.21","31","0","0","0","1","2","0","40.2","164","25","11","10","0","18","0","0","2","0","54","20422"
"John Schreiber","BOS","4","4","2.22","64","0","0","0","8","22","2","65.0","257","45","19","16","3","19","0","4","4","0","74","20020"
"Jake Woodford","STL","4","0","2.23","27","1","0","0","0","0","0","48.1","188","43","13","12","1","11","1","1","3","0","24","18674"
"Alek Manoah","TOR","16","7","2.24","31","31","0","0","0","0","0","196.2","786","144","55","49","16","51","0","15","5","0","180","26410"
"Matt Wisler","TBR","3","3","2.25","39","5","0","0","1","5","3","44.0","176","30","18","11","6","14","1","0","1","1","35","12804"
"Nick Sandlin","CLE","5","2","2.25","46","0","0","0","0","7","3","44.0","180","27","13","11","2","24","3","3","1","0","41","20517"
"Lance McCullers Jr.","HOU","4","2","2.27","8","8","0","0","0","0","0","47.2","195","37","12","12","4","22","0","0","1","0","50","14120"
"Robert Suarez","SDP","5","1","2.27","45","0","0","0","1","11","3","47.2","191","29","13","12","4","21","0","4","2","1","61","30115"
"Clayton Kershaw","LAD","12","3","2.28","22","22","0","0","0","0","0","126.1","493","96","36","32","10","23","0","2","0","1","137","2036"
"Sandy Alcantara","MIA","14","9","2.28","32","32","6","1","0","0","0","228.2","886","174","67","58","16","50","1","9","3","0","207","18684"
"Max Scherzer","NYM","11","5","2.29","23","23","0","0","0","0","0","145.1","565","108","39","37","13","24","0","11","1","0","173","3137"
"Michael King","NYY","6","3","2.29","34","0","0","0","1","16","2","51.0","199","35","15","13","3","16","2","0","2","0","66","19853"
"Sam Hentges","CLE","3","2","2.32","57","0","0","0","1","8","0","62.0","245","41","17","16","3","19","1","3","3","0","72","18548"
"Shohei Ohtani","LAA","15","9","2.33","28","28","0","0","0","0","0","166.0","660","124","45","43","14","44","0","2","14","0","219","19755"
"Rafael Montero","HOU","5","2","2.37","71","0","0","0","14","23","2","68.1","270","47","22","18","3","23","2","2","1","0","73","12760"
"David Robertson","- - -","4","3","2.40","58","0","0","0","20","3","8","63.2","264","39","18","17","6","35","1","3","4","0","81","8241"
"Nestor Cortes","NYY","12","4","2.44","28","28","1","1","0","0","0","158.1","615","108","44","43","16","38","0","2","1","0","163","17874"
"David Price","LAD","2","0","2.45","40","0","0","0","2","4","2","40.1","167","38","11","11","6","9","2","0","0","0","37","3184"
"Jeffrey Springs","TBR","9","5","2.46","33","25","0","0","0","0","0","135.1","549","114","42","37","14","31","0","1","1","1","144","17677"
"Raisel Iglesias","- - -","2","6","2.47","67","0","0","0","17","15","4","62.0","246","46","20","17","5","14","1","3","3","0","78","17130"
"Max Fried","ATL","14","7","2.48","30","30","0","0","0","0","0","185.1","733","156","55","51","12","32","2","4","9","0","170","13743"
"Jimmy Herget","LAA","2","1","2.48","49","1","0","0","9","6","3","69.0","266","48","20","19","4","15","3","3","0","0","63","17556"
"Andres Munoz","SEA","2","5","2.49","64","0","0","0","4","22","4","65.0","248","43","20","18","5","15","3","4","4","0","96","20373"
"Hunter Harvey","WSN","2","1","2.52","38","0","0","0","0","6","1","39.1","157","33","12","11","1","12","0","0","2","0","45","15507"
"Camilo Doval","SFG","6","6","2.53","68","0","0","0","27","1","3","67.2","286","54","27","19","4","30","2","3","4","0","80","21992"
"Jorge Lopez","- - -","4","7","2.54","67","0","0","0","23","1","6","71.0","298","53","26","20","4","31","5","7","5","2","72","14527"
"Scott Effross","- - -","1","4","2.54","60","1","0","0","4","16","2","56.2","229","45","23","16","3","15","3","1","0","1","62","18384"
"Cristian Javier","HOU","11","9","2.54","30","25","0","0","0","0","0","148.2","585","89","44","42","17","52","0","6","5","1","194","17606"
"Shane McClanahan","TBR","12","8","2.54","28","28","0","0","0","0","0","166.1","641","116","52","47","19","38","1","3","9","0","194","21483"
"Zac Gallen","ARI","12","4","2.54","31","31","0","0","0","0","0","184.0","714","121","56","52","15","47","0","12","5","0","192","19291"
"Clay Holmes","NYY","7","4","2.54","62","0","0","0","20","7","5","63.2","260","45","21","18","2","20","2","9","1","0","65","13649"
"Tyler Anderson","LAD","15","5","2.57","30","28","0","0","0","0","0","178.2","707","145","57","51","14","34","0","9","6","0","138","12880"
"Wily Peralta","DET","2","0","2.58","28","1","0","0","0","2","0","38.1","168","34","12","11","2","24","0","1","1","0","32","7738"
"Collin McHugh","ATL","3","2","2.60","58","0","0","0","0","17","5","69.1","272","51","20","20","5","14","1","5","3","0","75","7531"
"Jaime Barria","LAA","3","3","2.61","35","1","0","0","0","5","3","79.1","316","63","29","23","11","19","0","3","3","0","54","18356"
"David Bednar","PIT","3","4","2.61","45","0","0","0","19","4","4","51.2","210","42","19","15","4","16","2","1","2","1","69","19569"
"Chase De Jong","PIT","6","3","2.64","42","0","0","0","1","3","3","71.2","293","52","24","21","10","30","1","5","4","0","59","15036"
"Spencer Strider","ATL","11","5","2.67","31","20","0","0","0","2","1","131.2","528","86","42","39","7","45","1","3","6","0","202","27498"
"Lucas Luetge","NYY","4","4","2.67","50","0","0","0","2","6","1","57.1","251","63","19","17","4","17","1","4","1","0","60","8337"
"Paul Sewald","SEA","5","4","2.67","65","0","0","0","20","8","5","64.0","242","32","21","19","10","17","4","4","1","0","72","13892"
"Brooks Raley","TBR","1","2","2.68","60","0","0","0","6","22","3","53.2","219","37","19","16","3","15","0","6","3","0","61","10061"
"Trevor Stephan","CLE","6","5","2.69","66","0","0","0","3","19","2","63.2","267","57","24","19","3","18","2","4","3","0","82","19932"
"Wandy Peralta","NYY","3","4","2.72","56","0","0","0","4","9","5","56.1","223","42","19","17","2","17","1","1","2","1","47","14295"
"Connor Overton","CIN","1","0","2.73","6","4","0","0","0","0","0","33.0","124","21","10","10","1","11","0","0","0","0","14","18376"
"Reynaldo Lopez","CHW","6","4","2.76","61","1","0","0","0","9","5","65.1","254","51","24","20","1","11","1","1","4","0","63","16400"
"Carl Edwards Jr.","WSN","6","3","2.76","57","0","0","0","2","13","3","62.0","256","51","22","19","8","25","0","1","2","0","56","13607"
"Zach Pop","- - -","4","0","2.77","35","0","0","0","0","3","0","39.0","157","41","13","12","2","4","0","2","1","0","25","20185"
"Dylan Coleman","KCR","5","2","2.78","68","0","0","0","0","16","3","68.0","289","47","26","21","5","37","1","6","7","0","71","22276"
"Brad Hand","PHI","3","2","2.80","55","0","0","0","5","13","2","45.0","198","37","18","14","2","23","1","6","1","0","38","9111"
"Adam Cimber","TOR","10","6","2.80","77","0","0","0","4","19","4","70.2","293","66","28","22","6","13","1","8","1","0","58","15288"
"Jalen Beeks","TBR","2","3","2.80","42","7","0","0","2","4","4","61.0","250","49","22","19","7","22","0","2","3","0","70","17192"
"Liam Hendriks","CHW","4","4","2.81","58","0","0","0","37","0","4","57.2","235","44","22","18","7","16","1","2","8","0","85","3548"
"Framber Valdez","HOU","17","6","2.82","31","31","3","1","0","0","0","201.1","827","166","71","63","11","67","0","11","11","1","194","17295"
"Zack Wheeler","PHI","12","7","2.82","26","26","0","0","0","0","0","153.0","607","125","52","48","13","34","1","7","1","1","163","10310"
"Andrew Chafin","DET","2","3","2.83","64","0","0","0","3","19","1","57.1","243","48","26","18","5","19","0","3","4","0","67","12988"
"David Phelps","TOR","0","2","2.83","65","1","0","0","1","9","1","63.2","272","52","22","20","2","31","0","4","3","0","64","6316"
"Peter Strzelecki","MIL","2","1","2.83","30","0","0","0","1","4","2","35.0","148","28","13","11","2","15","2","1","0","0","40","21367"
"Jose Leclerc","TEX","0","3","2.83","39","0","0","0","7","4","2","47.2","198","33","17","15","5","21","0","3","2","0","54","14524"
"Drew Rasmussen","TBR","11","7","2.84","28","28","0","0","0","0","0","146.0","584","121","51","46","13","31","0","3","10","0","125","25385"
"Joe Mantiply","ARI","2","5","2.85","69","0","0","0","2","22","6","60.0","243","59","22","19","6","6","0","3","3","1","61","14857"
"Shane Bieber","CLE","13","8","2.88","31","31","1","0","0","0","0","200.0","791","172","70","64","18","36","0","2","5","1","198","19427"
"Carlos Rodon","SFG","14","8","2.88","31","31","1","0","0","0","0","178.0","710","131","59","57","12","52","0","3","10","0","237","16137"
"Martin Perez","TEX","12","8","2.89","32","32","1","1","0","0","0","196.1","821","178","70","63","11","69","0","6","6","2","169","6902"
"Logan Webb","SFG","15","9","2.90","32","32","0","0","0","0","0","192.1","787","174","76","62","11","49","0","7","6","0","163","17995"
"Patrick Sandoval","LAA","6","9","2.91","27","27","1","1","0","0","0","148.2","638","139","56","48","8","60","0","5","6","0","151","19447"
"Sam Moll","OAK","2","1","2.91","53","0","0","0","0","16","2","43.1","187","33","16","14","5","22","6","3","2","0","46","14874"
"Erasmo Ramirez","WSN","4","2","2.92","60","2","0","0","0","5","0","86.1","347","79","31","28","11","14","1","6","1","0","61","10314"
"Jose Quintana","- - -","6","7","2.93","32","32","0","0","0","0","0","165.2","679","154","61","54","8","47","1","3","1","0","137","11423"
"Joe Musgrove","SDP","10","7","2.93","30","30","0","0","0","0","0","181.0","740","154","67","59","22","42","1","14","4","0","184","12970"
"Corbin Burnes","MIL","12","8","2.94","33","33","0","0","0","0","0","202.0","797","144","73","66","23","51","0","13","10","0","243","19361"
"Nabil Crismatt","SDP","5","2","2.94","50","1","0","0","0","5","4","67.1","280","57","29","22","5","22","1","2","0","2","65","17732"
"Brad Boxberger","MIL","4","3","2.95","70","0","0","0","1","29","7","64.0","268","52","23","21","6","27","1","2","0","0","68","10133"
"Triston McKenzie","CLE","11","11","2.96","31","30","0","0","0","0","0","191.1","741","138","65","63","25","44","0","5","8","0","190","18000"
"Jonathan Hernandez","TEX","2","3","2.97","29","0","0","0","4","3","2","30.1","131","26","14","10","2","17","3","1","5","1","27","17464"
"Ryan Pressly","HOU","3","3","2.98","50","0","0","0","33","0","4","48.1","182","30","17","16","4","13","0","0","0","0","65","7005"
"Steven Okert","MIA","5","5","2.98","60","0","0","0","0","19","4","51.1","221","34","19","17","7","26","2","7","1","0","63","13580"
"Penn Murfee","SEA","4","0","2.99","64","1","0","0","0","7","0","69.1","272","48","23","23","7","18","1","2","2","0","76","25174"
"Luis Castillo","- - -","8","6","2.99","25","25","0","0","0","0","0","150.1","615","118","56","50","13","45","0","8","0","1","167","15689"
"Seranthony Dominguez","PHI","6","5","3.00","54","0","0","0","9","15","2","51.0","207","36","18","17","4","22","1","1","3","0","61","19249"
"Zach Jackson","OAK","2","3","3.00","54","0","0","0","3","26","3","48.0","202","28","18","16","1","33","3","2","9","0","67","19493"
"Edward Cabrera","MIA","6","4","3.01","14","14","0","0","0","0","0","71.2","291","44","24","24","10","33","0","9","2","0","75","21690"
"Ross Stripling","TOR","10","4","3.01","32","24","0","0","1","0","0","134.1","536","117","49","45","12","20","0","2","0","0","111","13273"
"Dylan Floro","MIA","1","3","3.02","56","0","0","0","10","5","4","53.2","220","48","23","18","4","15","3","0","1","0","48","13394"
"Joey Wentz","DET","2","2","3.03","7","7","0","0","0","0","0","32.2","135","23","13","11","2","13","0","1","2","0","27","19962"
"Enyel De Los Santos","CLE","5","0","3.04","50","0","0","0","1","3","1","53.1","215","40","18","18","3","17","1","2","3","1","61","18403"
"Giovanny Gallegos","STL","3","6","3.05","57","0","0","0","14","12","6","59.0","235","42","23","20","6","18","1","0","2","1","73","14986"
"Brandon Woodruff","MIL","13","4","3.05","27","27","0","0","0","0","0","153.1","620","122","56","52","18","42","0","5","2","0","190","16162"
"Chris Martin","- - -","4","1","3.05","60","0","0","0","2","9","2","56.0","225","50","20","19","6","5","1","1","7","1","74","11847"
"Dillon Tate","BAL","4","4","3.05","67","0","0","0","5","16","1","73.2","292","57","29","25","6","16","2","7","3","0","60","17796"
"Tanner Banks","CHW","2","0","3.06","35","0","0","0","0","1","0","53.0","217","42","25","18","5","18","0","1","2","0","49","16990"
"Steven Wilson","SDP","4","2","3.06","50","1","0","0","1","5","2","53.0","214","36","20","18","7","20","0","3","4","0","53","20353"
"Jacob deGrom","NYM","5","4","3.08","11","11","0","0","0","0","0","64.1","239","40","22","22","9","8","0","0","0","0","102","10954"
"Sonny Gray","MIN","8","5","3.08","24","24","0","0","0","0","0","119.2","488","99","44","41","11","36","0","6","3","0","117","12768"
"Huascar Brazoban","MIA","1","1","3.09","27","0","0","0","0","4","1","32.0","141","26","13","11","3","21","1","2","7","0","40","6107"
"Andrew Heaney","LAD","4","4","3.10","16","14","0","0","0","0","0","72.2","310","60","34","25","14","19","0","9","0","0","110","15423"
"Yu Darvish","SDP","16","8","3.10","30","30","0","0","0","0","0","194.2","771","148","67","67","22","37","0","12","4","1","197","13074"
"Yimi Garcia","TOR","4","5","3.10","61","0","0","0","1","22","4","61.0","247","48","26","21","6","16","3","4","1","1","58","12095"
"Adrian Sampson","CHC","4","5","3.11","21","19","0","0","0","0","0","104.1","428","101","40","36","10","27","0","2","0","1","73","13339"
"Javier Assad","CHC","2","2","3.11","9","8","0","0","0","0","0","37.2","166","35","14","13","4","20","0","0","1","0","30","21741"
"A.J. Puk","OAK","4","3","3.12","62","0","0","0","4","20","5","66.1","281","53","27","23","7","23","3","10","6","1","76","19343"
"Clarke Schmidt","NYY","5","5","3.12","29","3","0","0","2","4","1","57.2","236","46","23","20","5","23","3","2","0","0","56","19899"
"Brandon Hughes","CHC","2","3","3.12","57","0","0","0","8","8","4","57.2","239","42","22","20","11","21","3","6","3","0","68","23460"
"Tim Mayza","TOR","8","1","3.14","63","0","0","0","2","16","4","48.2","193","42","19","17","7","12","2","1","2","1","44","15042"
"Tanner Houck","BOS","5","4","3.15","32","4","0","0","8","1","1","60.0","247","49","22","21","3","22","3","6","3","0","56","19879"
"Wade Miley","CHC","2","2","3.16","9","8","0","0","0","0","0","37.0","159","31","20","13","3","14","0","2","1","0","28","8779"
"Bryce Elder","ATL","2","4","3.17","10","9","1","1","0","0","0","54.0","227","44","19","19","4","23","1","3","0","0","47","27779"
"Andre Pallante","STL","6","5","3.17","47","10","0","0","0","9","1","108.0","457","113","39","38","9","40","2","1","4","0","73","26108"
"Luis Severino","NYY","7","3","3.18","19","19","0","0","0","0","0","102.0","405","72","37","36","14","30","0","4","1","0","112","15890"
"Justin Steele","CHC","4","7","3.18","24","24","0","0","0","0","0","119.0","512","111","53","42","8","50","0","3","4","1","126","17312"
"John Brebbia","SFG","6","2","3.18","76","11","0","0","0","18","4","68.0","288","71","27","24","5","18","2","1","0","0","54","12777"
"Jose Alvarado","PHI","4","2","3.18","59","0","0","0","2","22","2","51.0","214","38","21","18","2","24","4","1","5","0","81","17780"
"Kendall Graveman","CHW","3","4","3.18","65","0","0","0","6","27","6","65.0","285","65","29","23","5","26","2","3","3","0","66","15514"
"Kyle Wright","ATL","21","5","3.19","30","30","0","0","0","0","0","180.1","738","156","67","64","19","53","0","9","7","0","174","19665"
"Keegan Akin","BAL","3","3","3.20","45","1","0","0","2","3","0","81.2","329","69","35","29","10","20","0","1","1","0","77","19362"
"Logan Gilbert","SEA","13","6","3.20","32","32","0","0","0","0","0","185.2","766","170","71","66","19","49","2","6","5","0","174","22250"
"Trevor Williams","NYM","3","5","3.21","30","9","0","0","1","1","1","89.2","372","87","34","32","12","23","1","4","1","0","84","16977"
"Bailey Ober","MIN","2","3","3.21","11","11","0","0","0","0","0","56.0","227","48","22","20","4","11","0","2","0","1","51","21224"
"Johan Oviedo","- - -","4","3","3.21","21","8","0","0","0","0","0","56.0","242","49","21","20","5","23","0","3","2","1","54","22487"
"Andrew Wantz","LAA","2","1","3.22","42","1","0","0","0","7","1","50.1","204","37","19","18","8","21","0","2","2","1","52","24933"
"Brady Singer","KCR","10","5","3.23","27","24","0","0","0","0","0","153.1","621","140","58","55","18","35","0","11","3","1","150","25377"
"Dean Kremer","BAL","8","7","3.23","22","21","1","1","0","0","0","125.1","512","123","48","45","11","34","0","5","5","0","87","19350"
"Joel Payamps","- - -","3","6","3.23","41","0","0","0","0","3","2","55.2","241","60","24","20","7","16","2","2","3","0","41","14332"
"Aaron Nola","PHI","11","13","3.25","32","32","2","1","0","0","0","205.0","807","168","75","74","19","29","1","9","2","0","235","16149"
"Jimmy Lambert","CHW","1","2","3.26","42","2","0","0","0","10","1","47.0","204","40","18","17","4","24","0","1","5","0","45","19541"
"Albert Abreu","- - -","2","2","3.26","33","0","0","0","0","1","1","38.2","172","35","15","14","5","22","0","3","6","0","38","17485"
"Brusdar Graterol","LAD","2","4","3.26","46","1","0","0","4","10","1","49.2","197","39","20","18","3","10","1","3","0","0","43","20367"
"Connor Brogdon","PHI","2","2","3.27","47","0","0","0","2","6","2","44.0","188","44","16","16","6","11","0","1","3","0","50","21205"
"Gregory Soto","DET","2","11","3.28","64","0","0","0","30","2","3","60.1","263","49","32","22","2","34","1","7","3","0","60","19677"
"Miles Mikolas","STL","12","13","3.29","33","32","1","0","0","0","0","202.1","805","170","81","74","25","39","0","6","1","1","153","9803"
"Tanner Rainey","WSN","1","3","3.30","29","0","0","0","12","1","4","30.0","128","26","16","11","5","13","0","0","1","0","36","17610"
"Andrew Bellatti","PHI","4","4","3.31","59","1","0","0","2","9","1","54.1","230","47","25","20","5","25","1","1","1","0","78","10657"
"Jesus Luzardo","MIA","4","7","3.32","18","18","0","0","0","0","0","100.1","400","69","40","37","10","35","0","2","5","0","120","19959"
"Michael Wacha","BOS","11","2","3.32","23","23","1","1","0","0","0","127.1","515","111","49","47","18","31","0","4","4","0","104","14078"
"Domingo Acevedo","OAK","4","4","3.33","70","0","0","0","4","20","4","67.2","266","50","26","25","9","17","4","3","1","1","58","17092"
"Drew Smith","NYM","3","3","3.33","44","0","0","0","0","14","2","46.0","187","38","17","17","9","15","0","0","0","0","53","17755"
"Andres Machado","WSN","2","0","3.34","51","0","0","0","0","3","0","59.1","261","55","32","22","7","26","0","2","3","0","46","14681"
"Ralph Garza","TBR","2","2","3.34","19","0","0","0","0","0","2","35.0","153","38","14","13","4","16","2","2","2","0","17","17682"
"Kevin Gausman","TOR","12","10","3.35","31","31","0","0","0","0","0","174.2","725","188","72","65","15","28","0","1","2","2","205","14107"
"Johnny Cueto","CHW","8","10","3.35","25","24","1","0","0","0","0","158.1","651","161","66","59","15","33","2","6","2","1","102","6893"
"Griffin Jax","MIN","7","4","3.36","65","0","0","0","1","18","6","72.1","290","56","29","27","7","20","3","3","2","0","78","20253"
"Merrill Kelly","ARI","13","8","3.37","33","33","0","0","0","0","0","200.1","804","167","77","75","21","61","2","2","4","1","177","11156"
"Blake Snell","SDP","8","10","3.38","24","24","0","0","0","0","0","128.0","535","103","51","48","11","51","0","2","6","0","171","13543"
"Kenley Jansen","ATL","5","2","3.38","65","0","0","0","41","0","7","64.0","260","45","25","24","8","22","3","2","1","1","85","3096"
"Eli Morgan","CLE","5","3","3.38","50","1","0","0","0","10","4","66.2","256","46","29","25","10","13","0","2","0","0","72","20203"
"Mychal Givens","- - -","7","3","3.38","59","1","0","0","2","7","4","61.1","260","56","27","23","8","25","4","5","2","0","71","10430"
"Cal Quantrill","CLE","15","5","3.38","32","32","0","0","0","0","0","186.1","770","178","78","70","21","47","0","10","3","0","128","19312"
"George Kirby","SEA","8","5","3.39","25","25","0","0","0","0","0","130.0","542","135","54","49","13","22","0","5","4","0","133","25436"
"Michael Fulmer","- - -","5","6","3.39","67","0","0","0","3","25","4","63.2","276","59","27","24","4","28","6","5","3","0","61","13218"
"Luis Garcia","SDP","4","6","3.39","64","0","0","0","3","19","1","61.0","259","57","28","23","3","17","0","5","7","0","68","6984"
"Dany Jimenez","OAK","3","4","3.41","34","0","0","0","11","4","3","34.1","145","23","16","13","2","18","4","0","2","0","34","21170"
"Alex Lange","DET","7","4","3.41","71","0","0","0","0","21","4","63.1","271","47","30","24","5","31","1","5","15","0","82","19883"
"Chris Bassitt","NYM","15","9","3.42","30","30","0","0","0","0","0","181.2","745","159","71","69","19","49","0","13","5","1","167","12304"
"Corey Knebel","PHI","3","5","3.43","46","0","0","0","12","2","4","44.2","194","33","22","17","4","28","3","2","2","0","41","15010"
"Matt Manning","DET","2","3","3.43","12","12","0","0","0","0","0","63.0","263","55","27","24","6","19","0","1","2","0","48","20369"
"Garrett Whitlock","BOS","4","2","3.45","31","9","0","0","6","4","2","78.1","311","65","32","30","10","15","0","1","2","0","82","20191"
"Ryan Pepiot","LAD","3","0","3.47","9","7","0","0","0","0","0","36.1","160","26","15","14","6","27","0","3","1","0","42","26221"
"Matt Bush","- - -","2","3","3.47","65","6","0","0","3","18","7","59.2","244","43","31","23","11","18","2","3","4","0","74","1246"
"Drew Smyly","CHC","7","8","3.47","22","22","0","0","0","0","0","106.1","447","101","46","41","16","26","0","5","3","0","91","11760"
"Nick Martinez","SDP","4","4","3.47","47","10","0","0","8","8","1","106.1","448","96","44","41","15","41","0","4","4","0","95","12730"
"Carlos Estevez","COL","4","4","3.47","62","0","0","0","2","13","4","57.0","235","44","27","22","7","23","1","1","6","0","54","14542"
"Jordan Montgomery","- - -","9","6","3.48","32","32","1","1","0","0","0","178.1","724","159","72","69","21","36","0","8","4","0","158","16511"
"Bryan Baker","BAL","4","3","3.49","66","2","0","0","1","9","2","69.2","291","60","29","27","3","26","1","3","2","0","76","19804"
"Caleb Thielbar","MIN","4","3","3.49","67","0","0","0","1","18","1","59.1","245","51","26","23","5","18","1","0","1","2","80","10078"
"Taijuan Walker","NYM","12","5","3.49","29","29","0","0","0","0","0","157.1","649","143","63","61","15","45","1","6","0","0","132","11836"
"Joe Jimenez","DET","3","2","3.49","62","0","0","0","2","11","2","56.2","231","49","24","22","4","13","0","0","0","0","77","15761"
"Gerrit Cole","NYY","13","8","3.50","33","33","0","0","0","0","0","200.2","793","154","81","78","33","50","0","2","2","2","257","13125"
"Tyler Matzek","ATL","4","2","3.50","42","0","0","0","1","8","0","43.2","184","26","21","17","3","29","2","2","7","0","36","10058"
"Marcus Stroman","CHC","6","7","3.50","25","25","0","0","0","0","0","138.2","569","123","61","54","16","36","0","4","2","2","119","13431"
"Kyle Finnegan","WSN","6","4","3.51","66","0","0","0","11","14","4","66.2","268","54","28","26","9","22","2","0","0","1","70","15009"
"Tarik Skubal","DET","7","8","3.52","21","21","0","0","0","0","0","117.2","477","104","53","46","9","32","0","1","1","0","117","22267"
"Michael Kopech","CHW","5","9","3.54","25","25","0","0","0","0","0","119.1","494","85","53","47","15","57","0","3","2","2","105","17282"
"Joe Ryan","MIN","13","8","3.55","27","27","0","0","0","0","0","147.0","604","115","60","58","20","47","0","10","2","0","151","21390"
"Richard Bleier","MIA","2","2","3.55","55","1","0","0","1","7","2","50.2","222","63","22","20","3","10","3","1","3","3","32","7803"
"Jharel Cotton","- - -","4","2","3.56","30","0","0","0","0","2","2","43.0","181","34","20","17","7","20","0","2","3","0","39","13654"
"Tim Hill","SDP","3","0","3.56","55","0","0","0","0","7","0","48.0","199","45","20","19","1","14","1","4","1","0","25","16814"
"Tyler Rogers","SFG","3","4","3.57","68","0","0","0","0","15","1","75.2","319","73","34","30","3","23","0","5","1","1","49","15541"
"Freddy Peralta","MIL","4","4","3.58","18","17","0","0","0","0","1","78.0","317","54","31","31","6","27","0","3","1","0","86","18679"
"Braxton Garrett","MIA","3","7","3.58","17","17","0","0","0","0","0","88.0","373","86","38","35","9","24","1","10","2","0","90","21844"
"Jose Cuas","KCR","4","2","3.58","47","0","0","0","1","11","0","37.2","180","39","18","15","2","24","2","6","1","0","34","17701"
"Seth Lugo","NYM","3","2","3.60","62","0","0","0","3","16","3","65.0","272","58","26","26","9","18","1","3","2","0","69","12447"
"Domingo German","NYY","2","5","3.61","15","14","0","0","0","0","0","72.1","298","65","31","29","11","19","0","4","0","1","58","17149"
"Ryan Tepera","LAA","5","4","3.61","59","0","0","0","6","17","5","57.1","232","42","27","23","7","20","3","2","5","0","47","10291"
"Sammy Long","SFG","1","3","3.61","28","6","0","0","1","0","0","42.1","181","39","23","17","8","14","1","1","3","0","33","25379"
"Diego Castillo","SEA","7","3","3.64","59","0","0","0","7","9","0","54.1","222","40","27","22","5","22","4","2","1","0","53","17496"
"Ranger Suarez","PHI","10","7","3.65","29","29","0","0","0","0","0","155.1","662","149","74","63","15","58","0","2","4","2","129","17277"
"Nick Lodolo","CIN","4","7","3.66","19","19","0","0","0","0","0","103.1","441","90","44","42","13","39","0","19","6","0","131","26378"
"Zack Greinke","KCR","4","9","3.68","26","26","0","0","0","0","0","137.0","585","157","65","56","14","27","0","3","7","0","73","1943"
"Eric Lauer","MIL","11","7","3.69","29","29","0","0","0","0","0","158.2","661","135","71","65","27","59","0","2","5","2","157","19316"
"Jackson Stephens","ATL","3","3","3.69","39","1","0","0","2","2","1","53.2","235","49","32","22","3","23","4","3","1","0","47","14420"
"Oliver Ortega","LAA","1","3","3.71","27","0","0","0","1","5","0","34.0","148","32","18","14","5","18","0","1","5","0","33","21025"
"Adam Wainwright","STL","11","12","3.71","32","32","1","0","0","0","0","191.2","803","192","80","79","16","54","1","7","5","0","143","2233"
"Devin Smeltzer","MIN","5","2","3.71","15","12","0","0","0","0","0","70.1","287","67","30","29","13","19","0","1","2","0","40","19487"
"Robbie Ray","SEA","12","12","3.71","32","32","0","0","0","0","0","189.0","775","163","80","78","32","62","0","7","5","0","212","11486"
"Luis Garcia","HOU","15","8","3.72","28","28","0","0","0","0","0","157.1","643","131","70","65","23","47","0","1","8","1","157","23735"
"Hector Neris","HOU","6","4","3.72","70","0","0","0","3","25","4","65.1","263","49","29","27","3","17","0","6","6","1","79","11804"
"Chris Flexen","SEA","8","9","3.73","33","22","0","0","2","0","0","137.2","590","132","61","57","17","51","3","2","7","0","95","13896"
"Alex Cobb","SFG","7","8","3.73","28","28","0","0","0","0","0","149.2","631","152","72","62","9","43","0","3","4","1","151","6562"
"Hirokazu Sawamura","BOS","1","1","3.73","49","0","0","0","0","3","0","50.2","221","45","23","21","4","27","2","0","8","0","40","27515"
"Jarlin Garcia","SFG","1","4","3.74","58","0","0","0","1","4","2","65.0","270","60","34","27","10","18","1","1","2","0","56","18282"
"Pablo Lopez","MIA","10","10","3.75","32","32","0","0","0","0","0","180.0","736","157","78","75","21","53","1","8","4","0","174","17085"
"Craig Kimbrel","LAD","6","7","3.75","63","0","0","0","22","2","5","60.0","260","51","31","25","4","28","2","5","7","1","72","6655"
"Keegan Thompson","CHC","10","5","3.76","29","17","0","0","1","0","1","115.0","485","103","54","48","16","43","0","9","5","0","108","19795"
"Hoby Milner","MIL","3","3","3.76","67","0","0","0","0","9","1","64.2","272","61","29","27","5","15","0","7","1","0","64","13346"
"Jesse Chavez","- - -","4","3","3.76","60","1","0","0","0","10","5","69.1","292","71","34","29","8","20","0","1","2","1","74","5448"
"Reid Detmers","LAA","7","6","3.77","25","25","1","1","0","0","0","129.0","539","110","56","54","13","46","1","8","2","0","122","27468"
"Brent Suter","MIL","5","3","3.78","54","0","0","0","0","1","0","66.2","272","58","32","28","9","22","0","3","0","0","53","13942"
"Roansy Contreras","PIT","5","5","3.79","21","18","0","0","0","0","0","95.0","408","82","45","40","13","39","1","2","11","0","86","22810"
"Ryan Thompson","TBR","3","3","3.80","47","0","0","0","3","10","5","42.2","181","39","24","18","4","11","2","2","1","1","39","16647"
"Jeff Hoffman","CIN","2","0","3.83","35","1","0","0","0","1","1","44.2","197","40","22","19","5","23","1","3","3","0","45","17432"
"Matt Strahm","BOS","4","4","3.83","50","0","0","0","4","12","5","44.2","193","38","24","19","5","17","1","5","2","1","52","13799"
"Buck Farmer","CIN","2","2","3.83","44","0","0","0","2","5","1","47.0","199","36","21","20","2","25","0","1","4","0","54","14814"
"David Peterson","NYM","7","5","3.83","28","19","0","0","0","1","1","105.2","454","93","50","45","11","48","1","7","3","0","126","20302"
"Aaron Loup","LAA","0","5","3.84","65","0","0","0","1","18","5","58.2","260","54","38","25","4","22","3","8","0","0","52","10343"
"Phil Maton","HOU","0","2","3.84","67","0","0","0","0","14","2","65.2","281","58","34","28","10","24","2","8","0","0","73","18064"
"Joe Barlow","TEX","3","1","3.86","35","0","0","0","13","0","4","35.0","146","27","18","15","5","13","0","4","0","0","28","22296"
"JP Sears","- - -","6","3","3.86","17","11","0","0","0","0","0","70.0","288","67","31","30","8","23","1","2","0","0","51","23429"
"Bailey Falter","PHI","6","4","3.86","20","16","0","0","0","0","0","84.0","349","85","39","36","16","17","0","6","2","0","74","20070"
"Nathan Eovaldi","BOS","6","3","3.87","20","20","2","1","0","0","0","109.1","460","115","55","47","21","20","0","1","2","0","103","9132"
"Jason Foley","DET","1","0","3.88","60","0","0","0","0","4","1","60.1","256","72","27","26","2","11","0","2","0","1","43","19531"
"Konnor Pilkington","CLE","1","2","3.88","15","11","0","0","0","0","0","58.0","258","53","30","25","6","32","0","2","1","0","50","21453"
"Joey Krehbiel","BAL","5","5","3.90","56","0","0","0","1","10","0","57.2","244","53","28","25","9","18","1","3","1","0","45","13707"
"Mitch Keller","PIT","5","12","3.91","31","29","0","0","0","0","0","159.0","687","162","77","69","14","60","1","12","2","1","138","17594"
"Jameson Taillon","NYY","14","5","3.91","32","32","0","0","0","0","0","177.1","728","168","78","77","26","32","0","5","3","0","151","11674"
"Noah Syndergaard","- - -","10","10","3.94","25","24","1","0","0","0","0","134.2","565","138","62","59","14","31","0","4","1","0","95","11762"
"Jose Urquidy","HOU","13","8","3.94","29","28","0","0","0","0","0","164.1","681","154","74","72","29","38","0","7","5","0","134","18413"
"Michael Rucker","CHC","3","1","3.95","41","0","0","0","0","4","0","54.2","229","50","25","24","8","20","0","0","4","0","50","19454"
"Jon Gray","TEX","7","7","3.96","24","24","0","0","0","0","0","127.1","521","105","61","56","17","39","0","6","4","2","134","14916"
"Jose Suarez","LAA","8","8","3.96","22","20","0","0","0","0","0","109.0","462","103","49","48","14","33","2","4","1","0","103","19911"
"Will Smith","- - -","0","3","3.97","65","0","0","0","5","16","3","59.0","261","58","35","26","9","25","3","2","2","3","65","8048"
"Carlos Carrasco","NYM","15","7","3.97","29","29","0","0","0","0","0","152.0","645","161","71","67","17","41","2","8","5","0","152","6632"
"Cole Irvin","OAK","9","13","3.98","30","30","0","0","0","0","0","181.0","741","174","87","80","25","36","3","7","3","0","128","19244"
"Jose Quijada","LAA","0","5","3.98","42","0","0","0","3","12","2","40.2","169","25","19","18","5","21","4","2","1","0","52","19200"
"Colin Poche","TBR","4","2","3.99","65","0","0","0","7","23","6","58.2","245","46","30","26","11","22","0","1","4","0","64","19403"
"Mark Leiter Jr.","CHC","2","7","3.99","35","4","0","0","3","4","2","67.2","282","52","32","30","10","25","2","7","5","0","73","15551"
"Lance Lynn","CHW","8","7","3.99","21","21","0","0","0","0","0","121.2","512","119","65","54","19","19","0","10","4","0","124","2520"
"Will Vest","DET","3","3","4.00","59","2","0","0","1","4","0","63.0","272","62","30","28","6","22","0","3","7","0","63","19769"
"Dominic Leone","SFG","4","5","4.01","55","0","0","0","3","11","4","49.1","222","55","24","22","6","24","5","0","3","0","52","13763"
"Walker Buehler","LAD","6","3","4.02","12","12","1","1","0","0","0","65.0","274","67","30","29","8","17","0","2","1","0","58","19374"
"Garrett Hill","DET","3","3","4.03","17","8","0","0","0","1","0","60.1","263","53","29","27","8","29","0","4","2","0","40","25097"
"John King","TEX","1","4","4.03","39","0","0","0","0","8","5","51.1","222","61","27","23","5","14","3","1","2","0","30","22051"
"Daniel Castano","MIA","1","3","4.04","10","7","0","0","0","0","0","35.2","156","42","20","16","5","9","0","2","2","0","20","19805"
"Taylor Clarke","KCR","3","1","4.04","47","0","0","0","3","10","5","49.0","203","50","25","22","6","8","0","1","3","0","48","17611"
"Zach Eflin","PHI","3","5","4.04","20","13","0","0","1","2","0","75.2","313","70","38","34","8","15","1","5","0","0","65","13774"
"Frankie Montas","- - -","5","12","4.05","27","27","0","0","0","0","0","144.1","608","137","72","65","18","43","3","6","7","0","142","14309"
"Eduardo Rodriguez","DET","5","5","4.05","17","17","0","0","0","0","0","91.0","391","87","49","41","12","34","0","2","1","0","72","13164"
"Zach Davies","ARI","2","5","4.09","27","27","0","0","0","0","0","134.1","570","122","66","61","21","52","0","2","1","0","102","13183"
"Trent Thornton","TOR","0","2","4.11","32","0","0","0","0","3","1","46.0","189","40","21","21","7","17","0","1","1","0","37","17948"
"Caleb Smith","ARI","1","3","4.11","44","1","0","0","0","4","0","70.0","302","57","35","32","14","39","1","1","1","0","65","14875"
"Jonathan Loaisiga","NYY","2","3","4.13","50","0","0","0","2","10","1","48.0","203","43","25","22","3","19","1","0","0","0","37","19753"
"Marco Gonzales","SEA","10","15","4.13","32","32","0","0","0","0","0","183.0","783","194","97","84","30","50","1","7","1","0","103","15467"
"Trevor Gott","MIL","3","4","4.14","45","0","0","0","0","11","4","45.2","186","35","25","21","8","12","0","3","0","0","44","15046"
"Brett Martin","TEX","1","7","4.14","55","1","0","0","3","7","3","50.0","212","50","27","23","4","18","3","0","7","0","40","17369"
"Matthew Festa","SEA","2","0","4.17","53","0","0","0","2","6","1","54.0","219","43","26","25","10","18","0","2","1","0","64","19330"
"Lucas Gilbreath","COL","2","0","4.19","47","0","0","0","0","12","2","43.0","187","37","22","20","2","26","0","4","2","0","49","21290"
"Beau Brieske","DET","3","6","4.19","15","15","0","0","0","0","0","81.2","339","73","39","38","14","25","0","1","2","1","54","26079"
"Steve Cishek","WSN","1","4","4.21","69","0","0","0","1","6","2","66.1","287","54","33","31","11","27","1","13","3","0","74","6483"
"Rowan Wick","CHC","4","7","4.22","64","0","0","0","9","4","5","64.0","294","79","37","30","9","29","2","1","3","0","69","14646"
"Austin Pruitt","OAK","0","1","4.23","39","1","0","0","1","2","2","55.1","224","48","29","26","11","9","0","1","0","0","38","15290"
"James Kaprielian","OAK","5","9","4.23","26","26","0","0","0","0","0","134.0","577","121","68","63","16","59","0","5","2","0","98","18331"
"Adrian Morejon","SDP","5","1","4.24","26","0","0","0","0","5","0","34.0","141","31","18","16","4","9","1","1","0","0","28","20039"
"Michael Lorenzen","LAA","8","6","4.24","18","18","0","0","0","0","0","97.2","411","81","48","46","11","44","0","4","3","0","85","14843"
"Jack Flaherty","STL","2","1","4.25","9","8","0","0","0","0","0","36.0","167","36","18","17","4","22","0","5","0","0","33","17479"
"Tyler Wells","BAL","7","7","4.25","23","23","0","0","0","0","0","103.2","423","90","49","49","16","28","0","2","0","0","76","20000"
"Chris Stratton","- - -","10","4","4.26","60","1","0","0","2","8","5","63.1","279","72","34","30","4","25","2","2","4","0","60","13761"
"Rich Hill","BOS","8","7","4.27","26","26","0","0","0","0","0","124.1","526","125","67","59","15","37","0","4","0","2","109","4806"
"Anibal Sanchez","WSN","4","6","4.28","14","14","0","0","0","0","0","69.1","292","55","34","33","13","33","2","4","2","0","48","3284"
"Paul Blackburn","OAK","7","6","4.28","21","21","0","0","0","0","0","111.1","467","110","53","53","15","30","2","5","1","0","89","14739"
"Reyes Moronta","- - -","2","2","4.30","39","0","0","0","2","4","2","37.2","161","30","20","18","5","18","1","2","8","0","38","14966"
"Zach Plesac","CLE","3","12","4.31","25","24","0","0","0","0","0","131.2","568","136","74","63","19","38","0","5","4","0","100","19979"
"Tanner Scott","MIA","4","5","4.31","67","0","0","0","20","4","7","62.2","289","55","34","30","5","46","1","4","3","0","90","17586"
"Matt Barnes","BOS","0","4","4.31","44","0","0","0","8","4","2","39.2","176","36","22","19","2","21","1","3","4","0","34","12863"
"Tommy Nance","MIA","2","3","4.33","35","2","0","0","0","2","2","43.2","196","45","22","21","5","21","3","4","5","0","57","19178"
"Mike Clevinger","SDP","7","7","4.33","23","22","0","0","0","0","0","114.1","485","102","56","55","20","35","0","10","3","0","91","12808"
"Corey Kluber","TBR","10","10","4.34","31","31","0","0","0","0","0","164.0","689","178","82","79","20","21","0","10","2","0","139","2429"
"Austin Voth","- - -","5","4","4.34","41","17","0","0","0","1","0","101.2","442","111","52","49","14","31","0","3","5","0","90","15047"
"Charlie Morton","ATL","9","6","4.34","31","31","0","0","0","0","0","172.0","728","149","85","83","28","63","0","18","4","0","205","4676"
"Shawn Armstrong","- - -","2","3","4.38","50","3","0","0","2","2","1","61.2","269","66","32","30","7","17","2","4","3","0","66","12857"
"Wil Crowe","PIT","6","10","4.38","60","1","0","0","4","16","6","76.0","332","68","40","37","8","38","0","3","3","0","68","19800"
"Manny Banuelos","- - -","2","1","4.39","35","0","0","0","1","5","1","41.0","175","32","23","20","2","21","1","3","0","0","42","5365"
"Duane Underwood Jr.","PIT","1","6","4.40","51","1","0","0","1","10","3","57.1","259","58","35","28","1","25","1","5","5","0","57","14677"
"Matt Foster","CHW","1","2","4.40","48","0","0","0","1","5","0","45.0","193","43","25","22","6","17","1","0","1","0","42","19647"
"Tyler Mahle","- - -","6","8","4.40","23","23","0","0","0","0","0","120.2","503","104","61","59","16","43","0","2","3","1","126","16358"
"Jake Odorizzi","- - -","6","6","4.40","22","22","0","0","0","0","0","106.1","453","106","58","52","14","35","1","3","2","0","86","6397"
"Rony Garcia","DET","3","3","4.41","16","8","0","0","0","0","0","51.0","206","40","27","25","9","13","0","4","3","0","48","20430"
"Jakob Junis","SFG","5","7","4.42","23","17","0","0","0","0","0","112.0","478","120","57","55","13","25","0","4","1","0","98","13619"
"Jordan Lyles","BAL","12","11","4.42","32","32","1","0","0","0","0","179.0","774","196","94","88","26","52","0","8","5","0","144","7593"
"Craig Stammen","SDP","1","2","4.43","33","1","0","0","0","2","1","40.2","177","45","22","20","9","10","0","2","3","0","35","7274"
"Emilio Pagan","MIN","4","6","4.43","59","0","0","0","9","7","7","63.0","274","60","36","31","12","26","2","1","3","0","84","14771"
"Hunter Greene","CIN","5","13","4.44","24","24","1","1","0","0","0","125.2","531","104","64","62","24","48","0","10","4","0","164","22182"
"Matt Brash","SEA","4","4","4.44","39","5","0","0","0","9","0","50.2","222","46","25","25","3","33","1","2","3","0","62","25756"
"Aaron Ashby","MIL","2","10","4.44","27","19","0","0","1","1","0","107.1","475","106","62","53","15","47","0","6","7","1","126","23550"
"Dakota Hudson","STL","8","7","4.45","27","26","0","0","0","0","0","139.2","596","141","71","69","9","61","0","9","4","0","78","19206"
"Aroldis Chapman","NYY","4","4","4.46","43","0","0","0","9","1","0","36.1","160","24","18","18","4","28","0","1","6","0","43","10233"
"Dane Dunning","TEX","4","8","4.46","29","29","0","0","0","0","0","153.1","671","158","80","76","20","62","0","11","6","0","137","19409"
"Joely Rodriguez","NYM","2","4","4.47","55","0","0","0","0","9","0","50.1","216","42","28","25","3","26","1","1","2","0","57","11487"
"Dustin May","LAD","2","3","4.50","6","6","0","0","0","0","0","30.0","127","21","17","15","3","14","0","5","0","0","29","19716"
"MacKenzie Gore","SDP","4","4","4.50","16","13","0","0","0","1","0","70.0","309","66","35","35","7","37","0","4","6","0","72","22201"
"Ryan Yarbrough","TBR","3","8","4.50","20","9","0","0","0","0","0","80.0","355","88","44","40","12","22","0","11","3","0","61","16502"
"Victor Arano","WSN","1","1","4.50","43","0","0","0","1","7","1","42.0","187","47","30","21","5","12","0","4","6","0","44","15915"
"Ian Gibaut","- - -","1","2","4.50","34","0","0","0","1","3","2","36.0","160","39","18","18","3","18","0","1","0","1","48","17871"
"Lou Trivino","- - -","2","8","4.53","64","0","0","0","11","4","3","53.2","250","64","31","27","6","24","2","4","3","0","67","15043"
"Drew Hutchison","DET","3","9","4.53","28","18","0","0","0","0","0","105.1","464","114","58","53","15","42","1","2","3","0","68","10732"
"Kyle Freeland","COL","9","11","4.53","31","31","0","0","0","0","0","174.2","766","193","96","88","19","53","0","16","4","0","131","16256"
"Kirk McCarty","CLE","4","3","4.54","13","2","0","0","0","0","0","37.2","159","37","23","19","11","13","1","1","0","0","26","20555"
"Chris Archer","MIN","2","8","4.56","25","25","0","0","0","0","0","102.2","437","87","56","52","12","48","0","3","3","0","84","6345"
"Nick Pivetta","BOS","10","12","4.56","33","33","1","0","0","0","0","179.2","773","175","91","91","27","73","0","5","10","1","175","15454"
"Luis Cessa","CIN","4","4","4.57","46","10","0","0","0","5","1","80.2","336","76","44","41","14","28","0","2","3","0","59","13345"
"Dillon Peters","PIT","5","2","4.58","22","4","0","0","0","3","0","39.1","165","35","20","20","5","17","0","0","1","0","26","18790"
"Yohan Ramirez","- - -","4","1","4.58","30","0","0","0","1","2","1","37.1","167","32","19","19","4","20","1","6","2","0","32","19444"
"Jose Ruiz","CHW","1","0","4.60","63","0","0","0","0","11","0","60.2","265","53","32","31","9","33","0","0","4","1","68","14552"
"Genesis Cabrera","STL","4","2","4.63","39","0","0","0","1","13","1","44.2","194","39","24","23","8","20","3","4","1","0","32","17490"
"Glenn Otto","TEX","7","10","4.64","27","27","0","0","0","0","0","135.2","587","119","74","70","21","62","0","13","5","0","107","21366"
"Mark Melancon","ARI","3","10","4.66","62","0","0","0","18","1","3","56.0","247","63","37","29","5","21","2","1","6","0","35","4264"
"JT Brubaker","PIT","3","12","4.69","28","28","0","0","0","0","0","144.0","646","157","85","75","17","54","0","9","6","2","147","17578"
"Spenser Watkins","BAL","5","6","4.70","23","20","0","0","0","0","0","105.1","459","119","59","55","11","30","0","4","3","1","63","17489"
"Josh Winder","MIN","4","6","4.70","15","11","0","0","0","0","0","67.0","287","69","37","35","11","18","0","5","2","0","47","24606"
"Brayan Bello","BOS","2","8","4.71","13","11","1","0","0","0","0","57.1","268","75","34","30","1","27","1","2","2","0","55","23920"
"Mike Baumann","BAL","1","3","4.72","13","4","0","0","0","1","0","34.1","149","43","19","18","3","9","0","2","1","0","23","20206"
"Phil Bickford","LAD","2","1","4.72","60","0","0","0","0","6","1","61.0","247","53","33","32","12","14","0","2","0","0","67","18519"
"Adrian Houser","MIL","6","10","4.73","22","21","0","0","0","0","0","102.2","455","103","66","54","8","47","1","2","2","0","69","12718"
"Taylor Rogers","- - -","4","8","4.76","66","0","0","0","31","4","10","64.1","274","57","38","34","7","19","2","11","1","0","84","13449"
"Vince Velasquez","CHW","3","3","4.78","27","9","0","0","0","1","0","75.1","319","68","42","40","11","25","0","2","1","1","69","11189"
"Packy Naughton","STL","0","2","4.78","26","3","0","0","1","3","1","32.0","141","39","17","17","3","7","1","1","1","0","31","23292"
"Trevor Megill","MIN","4","3","4.80","39","0","0","0","0","3","2","45.0","196","50","29","24","4","17","0","1","2","0","49","17722"
"Kyle Hendricks","CHC","4","6","4.80","16","16","0","0","0","0","0","84.1","356","85","45","45","15","24","0","3","0","0","66","12049"
"Tyler Alexander","DET","4","11","4.81","27","17","0","0","0","1","0","101.0","427","108","58","54","18","25","1","1","0","0","61","17735"
"Davis Martin","CHW","3","6","4.83","14","9","0","0","0","0","1","63.1","269","63","36","34","8","19","1","3","3","0","48","21448"
"Jordan Hicks","STL","3","6","4.84","35","8","0","0","0","8","1","61.1","263","46","33","33","5","35","0","7","5","0","63","19618"
"Paolo Espino","WSN","0","9","4.84","42","19","1","0","0","0","0","113.1","487","131","64","61","24","24","0","2","1","0","92","8246"
"Nick Nelson","PHI","3","2","4.85","47","2","0","0","1","3","0","68.2","306","66","38","37","1","36","0","4","13","0","69","20153"
"Madison Bumgarner","ARI","7","15","4.88","30","30","0","0","0","0","0","158.2","698","179","97","86","25","49","0","9","2","0","112","5524"
"Dylan Bundy","MIN","8","8","4.89","29","29","0","0","0","0","0","140.0","595","151","79","76","24","28","0","3","3","0","94","12917"
"Graham Ashcraft","CIN","5","6","4.89","19","19","0","0","0","0","0","105.0","464","119","61","57","11","30","1","8","9","0","71","27552"
"Kyle Bradish","BAL","4","7","4.90","23","23","0","0","0","0","0","117.2","509","119","68","64","17","46","0","7","7","0","111","24586"
"Lucas Giolito","CHW","11","9","4.90","30","30","0","0","0","0","0","161.2","698","171","92","88","24","61","1","4","3","0","177","15474"
"Hunter Strickland","CIN","3","3","4.91","66","0","0","0","7","4","4","62.1","284","61","37","34","8","33","1","7","1","0","60","7836"
"Tyler Duffey","MIN","2","4","4.91","40","0","0","0","2","9","3","44.0","185","45","24","24","8","15","1","1","2","0","39","13758"
"Jake Bird","COL","2","4","4.91","38","0","0","0","0","5","1","47.2","211","45","29","26","7","23","3","4","4","0","42","21267"
"Aaron Civale","CLE","5","6","4.92","20","20","0","0","0","0","0","97.0","407","93","58","53","14","22","1","7","1","0","98","19479"
"Ken Waldichuk","OAK","2","2","4.93","7","7","0","0","0","0","0","34.2","146","32","19","19","5","10","0","4","1","0","33","27681"
"Cole Ragans","TEX","0","3","4.95","9","9","0","0","0","0","0","40.0","174","43","24","22","6","16","0","0","2","0","27","21846"
"German Marquez","COL","9","13","4.95","31","31","0","0","0","0","0","181.2","779","185","109","100","30","63","0","4","8","2","150","15038"
"Sean Manaea","SDP","8","9","4.96","30","28","0","0","0","0","0","158.0","671","155","95","87","29","50","1","3","0","0","156","15873"
"Amir Garrett","KCR","3","1","4.96","60","0","0","0","0","10","1","45.1","196","28","26","25","0","32","0","5","7","1","49","14375"
"Jake Diekman","- - -","5","4","4.99","70","0","0","0","1","16","3","57.2","269","52","40","32","9","42","2","8","7","0","79","5003"
"Ian Anderson","ATL","10","6","5.00","22","22","0","0","0","0","0","111.2","493","115","63","62","12","54","0","1","4","0","97","19951"
"Jose Urena","- - -","3","8","5.01","21","17","0","0","0","0","0","97.0","432","109","62","54","11","43","0","1","2","0","63","11589"
"Josiah Gray","WSN","7","10","5.02","28","28","0","0","0","0","0","148.2","649","136","84","83","38","66","1","8","7","0","154","24580"
"Matt Swarmer","CHC","2","3","5.03","11","5","0","0","0","0","0","34.0","153","33","26","19","12","20","1","0","1","0","36","19705"
"Kyle Gibson","PHI","10","8","5.05","31","31","0","0","0","0","0","167.2","718","176","98","94","24","48","0","9","4","0","144","10123"
"Antonio Senzatela","COL","3","7","5.07","19","19","0","0","0","0","0","92.1","413","133","56","52","9","23","0","3","1","0","54","15488"
"Zack Littell","SFG","3","3","5.08","39","0","0","0","1","5","0","44.1","190","48","25","25","8","13","0","1","1","0","39","15823"
"Brad Keller","KCR","6","14","5.09","35","22","0","0","1","1","0","139.2","617","153","86","79","17","57","1","2","11","0","102","15734"
"Alex Wood","SFG","8","12","5.10","26","26","0","0","0","0","0","130.2","555","132","78","74","17","30","1","12","4","0","131","13781"
"Daniel Lynch","KCR","4","13","5.13","27","27","0","0","0","0","0","131.2","600","155","79","75","21","52","2","5","7","2","122","21537"
"Taylor Hearn","TEX","6","8","5.13","31","13","0","0","1","2","1","100.0","449","107","60","57","11","43","0","3","3","0","97","18325"
"Tyler Danish","BOS","3","1","5.13","32","0","0","0","0","3","0","40.1","173","40","24","23","7","12","0","4","1","0","32","15126"
"Tylor Megill","NYM","4","2","5.13","15","9","0","0","0","0","0","47.1","200","46","27","27","7","13","0","1","1","0","51","21318"
"Tyler Beede","- - -","2","5","5.14","31","5","0","0","0","3","0","61.1","285","71","37","35","7","29","2","5","5","0","39","16981"
"Zach Thompson","PIT","3","10","5.18","29","22","0","0","0","0","0","121.2","543","138","76","70","19","46","0","3","5","0","90","16094"
"Yusei Kikuchi","TOR","6","7","5.19","32","20","0","0","1","0","0","100.2","454","93","67","58","23","58","0","9","3","0","124","20633"
"Daniel Norris","- - -","2","4","5.22","41","3","0","0","0","2","0","58.2","250","45","39","34","11","29","0","7","2","1","66","13475"
"Dennis Santana","TEX","3","8","5.22","63","1","0","0","1","19","2","58.2","255","50","39","34","2","28","1","4","3","0","54","17878"
"Jordan Weems","WSN","0","1","5.22","32","0","0","0","0","0","0","39.2","166","35","24","23","7","12","1","0","4","1","41","13190"
"Josh Hader","- - -","2","5","5.22","56","0","0","0","36","0","4","50.0","219","43","30","29","8","21","0","4","5","0","81","14212"
"Noe Ramirez","ARI","5","4","5.22","55","0","0","0","0","10","4","50.0","215","45","32","29","9","26","2","3","2","0","51","12800"
"Jose Berrios","TOR","12","7","5.23","32","32","0","0","0","0","0","172.0","753","199","103","100","29","45","0","11","3","0","149","14168"
"Tyler Gilbert","ARI","0","3","5.24","8","7","0","0","0","0","0","34.1","146","33","21","20","8","10","1","1","0","0","20","17964"
"Cory Abbott","WSN","0","5","5.25","16","9","0","0","0","0","0","48.0","216","44","30","28","12","25","0","5","2","0","45","20277"
"Steven Matz","STL","5","3","5.25","15","10","0","0","0","2","0","48.0","207","50","28","28","8","10","0","2","1","0","54","13361"
"Garrett Richards","TEX","1","1","5.27","32","2","0","0","1","3","0","42.2","185","44","28","25","3","13","0","3","2","0","36","9784"
"Jon Heasley","KCR","4","10","5.28","21","21","0","0","0","0","0","104.0","465","108","67","61","19","47","0","6","9","0","70","22224"
"Cole Sulser","MIA","1","4","5.29","39","0","0","0","2","5","3","34.0","149","39","23","20","6","16","1","0","0","0","38","15256"
"Trevor Richards","TOR","3","2","5.34","62","4","0","0","0","8","1","64.0","281","57","41","38","9","35","1","1","3","0","82","19309"
"Tommy Henry","ARI","3","4","5.36","9","9","0","0","0","0","0","47.0","205","47","28","28","10","21","1","3","3","0","36","26285"
"Ian Kennedy","ARI","4","7","5.36","57","0","0","0","10","10","6","50.1","232","57","33","30","11","22","3","1","3","0","44","6986"
"Jason Alexander","MIL","2","3","5.40","18","11","0","0","0","0","0","71.2","321","88","47","43","12","28","0","4","1","0","46","19666"
"Bryan Shaw","CLE","6","2","5.40","60","2","0","0","1","5","0","58.1","261","58","38","35","9","26","1","4","2","0","52","8110"
"Dauri Moreta","CIN","0","2","5.40","35","1","0","0","1","1","0","38.1","160","32","24","23","10","13","1","4","1","0","39","21101"
"Robert Stephenson","- - -","2","2","5.43","58","0","0","0","0","8","3","58.0","247","63","39","35","10","14","1","1","4","0","55","13594"
"Yunior Marte","SFG","1","1","5.44","39","0","0","0","0","2","0","48.0","214","47","32","29","5","22","0","6","3","0","44","14416"
"Mitch White","- - -","1","7","5.45","25","18","0","0","0","0","0","99.0","440","110","62","60","9","35","0","3","5","0","78","19225"
"Trevor Rogers","MIA","4","11","5.47","23","23","0","0","0","0","0","107.0","477","116","69","65","15","45","0","5","5","0","106","22286"
"Kutter Crawford","BOS","3","6","5.47","21","12","0","0","0","0","0","77.1","334","81","49","47","12","29","1","2","4","1","77","20531"
"Bryse Wilson","PIT","3","9","5.52","25","20","0","0","0","0","0","115.2","509","132","80","71","20","32","1","9","2","0","79","19990"
"Alex Faedo","DET","1","5","5.53","12","12","0","0","0","0","0","53.2","244","63","34","33","7","25","0","1","2","0","44","19874"
"Austin Gomber","COL","5","7","5.56","33","17","0","0","0","0","0","124.2","529","137","80","77","20","34","1","2","4","0","95","16561"
"Kris Bubic","KCR","3","13","5.58","28","27","0","0","0","0","0","129.0","587","156","87","80","18","63","0","4","4","1","110","21455"
"Cristopher Sanchez","PHI","2","2","5.63","15","3","0","0","1","1","0","40.0","177","38","25","25","5","17","1","4","0","0","35","20778"
"Humberto Castellanos","ARI","3","2","5.68","11","9","0","0","0","0","0","44.1","194","50","29","28","7","12","0","4","2","0","32","21183"
"Mike Mayers","LAA","1","1","5.68","24","3","0","0","0","1","1","50.2","223","52","35","32","15","18","0","2","3","0","45","15451"
"Justin Lawrence","COL","3","1","5.70","38","0","0","0","1","7","2","42.2","191","44","27","27","3","22","0","1","1","0","48","17639"
"Chad Kuhl","COL","6","11","5.72","27","27","1","1","0","0","0","137.0","617","155","91","87","25","58","1","5","5","0","110","14975"
"Daulton Jefferies","OAK","1","7","5.72","8","8","0","0","0","0","0","39.1","172","46","26","25","4","8","0","2","3","0","28","19345"
"Jared Koenig","OAK","1","3","5.72","10","5","0","0","0","0","0","39.1","177","40","25","25","4","15","0","5","4","1","22","27517"
"Alex Colome","COL","2","7","5.74","53","0","0","0","4","7","3","47.0","215","57","36","30","5","22","2","0","4","1","32","6661"
"Ryan Brasier","BOS","0","3","5.78","68","0","0","0","1","13","3","62.1","263","68","43","40","9","13","1","1","1","0","64","5615"
"Michael Pineda","DET","2","7","5.79","11","11","0","0","0","0","0","46.2","200","58","31","30","13","8","0","0","0","0","26","5372"
"Austin Davis","- - -","2","1","5.79","52","3","0","0","0","3","1","56.0","264","57","39","36","5","33","1","5","1","0","64","17117"
"Erick Fedde","WSN","6","13","5.81","27","27","0","0","0","0","0","127.0","573","149","84","82","21","58","0","0","6","0","94","17425"
"Ryan Feltner","COL","4","9","5.83","20","19","0","0","0","0","0","97.1","428","102","65","63","16","35","0","5","4","0","84","21446"
"Kirby Snead","OAK","1","1","5.84","46","0","0","0","1","5","2","44.2","210","56","31","29","5","22","3","2","3","0","35","19179"
"Cole Sands","MIN","0","3","5.87","11","3","0","0","1","0","0","30.2","145","35","21","20","4","13","0","5","1","0","28","21461"
"Josh Winckowski","BOS","5","7","5.89","15","14","0","0","0","0","0","70.1","316","85","47","46","10","27","1","2","0","0","44","22387"
"Ty Blach","COL","1","0","5.89","24","1","0","0","1","0","1","44.1","193","51","29","29","4","11","2","2","1","0","29","14361"
"Max Castillo","- - -","0","2","5.95","14","6","0","0","0","0","0","39.1","170","38","28","26","8","15","0","2","2","0","37","21956"
"Matthew Liberatore","STL","2","2","5.97","9","7","0","0","0","0","0","34.2","161","42","23","23","5","18","0","1","5","0","28","22294"
"Bruce Zimmermann","BAL","2","5","5.99","15","13","0","0","0","1","0","73.2","320","97","52","49","21","12","0","2","1","0","49","20370"
"Mike Minor","CIN","4","12","6.06","19","19","0","0","0","0","0","98.0","455","120","72","66","24","40","4","7","2","0","76","10021"
"Joe Kelly","CHW","1","3","6.08","43","1","0","0","1","15","0","37.0","170","36","26","25","2","23","0","3","4","0","53","9761"
"Jeurys Familia","- - -","2","3","6.09","48","0","0","0","0","7","3","44.1","204","58","34","30","7","22","2","2","1","0","41","5114"
"Justin Dunn","CIN","1","3","6.10","7","7","0","0","0","0","0","31.0","138","32","21","21","11","17","0","3","0","0","21","19268"
"Dinelson Lamet","- - -","1","2","6.12","32","0","0","0","0","4","2","32.1","149","30","23","22","4","19","0","4","6","0","45","17186"
"Adrian Martinez","OAK","4","6","6.24","12","12","0","0","0","0","0","57.2","259","69","42","40","13","19","1","3","6","1","53","21023"
"Adam Oller","OAK","2","8","6.30","19","14","0","0","0","1","0","74.1","337","82","55","52","17","39","0","2","4","0","46","20132"
"Patrick Corbin","WSN","6","19","6.31","31","31","1","0","0","0","0","152.2","713","210","119","107","27","49","1","7","2","0","128","9323"
"Reiver Sanmartin","CIN","4","4","6.32","45","4","0","0","0","7","0","57.0","256","66","43","40","8","29","2","0","2","2","47","19754"
"Elieser Hernandez","MIA","3","6","6.35","20","10","0","0","0","0","1","62.1","278","67","48","44","19","22","1","4","1","0","60","16933"
"Joel Kuhnel","CIN","2","3","6.36","53","0","0","0","1","5","2","58.0","255","67","41","41","8","14","1","5","1","0","56","19995"
"Josh Fleming","TBR","2","5","6.43","10","3","0","0","0","0","0","35.0","169","54","36","25","5","12","1","1","0","0","29","20418"
"Josh Staumont","KCR","3","3","6.45","42","0","0","0","3","5","3","37.2","176","37","28","27","3","29","0","1","5","1","43","18335"
"Art Warren","CIN","2","3","6.50","39","0","0","0","3","4","3","36.0","165","37","29","26","6","22","1","2","0","0","40","18251"
"Collin Snider","KCR","4","2","6.55","42","0","0","0","0","7","2","34.1","151","40","25","25","3","15","0","2","0","0","22","23307"
"Luke Weaver","- - -","1","1","6.56","26","1","0","0","0","0","0","35.2","174","52","29","26","1","13","0","3","2","0","38","16918"
"Aaron Sanchez","- - -","3","4","6.60","15","10","0","0","0","0","0","60.0","265","78","46","44","8","15","1","5","2","0","41","11490"
"T.J. McFarland","STL","0","0","6.61","28","0","0","0","0","1","0","32.2","145","42","26","24","5","11","0","2","2","0","16","3237"
"Tucker Davidson","- - -","2","7","6.75","12","11","0","0","0","0","0","52.0","243","54","39","39","7","35","0","3","1","0","33","19871"
"Zach Logue","OAK","3","8","6.79","14","10","0","0","0","0","0","57.0","257","68","44","43","13","20","0","2","0","0","42","20231"
"Jake McGee","- - -","1","3","6.81","42","0","0","0","3","4","4","37.0","163","41","29","28","6","12","1","0","1","0","25","7550"
"Joan Adon","WSN","1","12","7.10","14","14","0","0","0","0","0","64.2","310","76","53","51","8","39","1","6","7","0","55","22925"
"Carlos Hernandez","KCR","0","5","7.39","27","7","0","0","0","1","0","56.0","266","72","48","46","7","31","1","1","3","0","35","22713"
"Spencer Howard","TEX","2","4","7.41","10","8","0","0","0","0","0","37.2","179","50","33","31","12","15","1","1","1","1","32","23252"
"Jhoulys Chacin","COL","4","2","7.61","35","0","0","0","0","2","0","47.1","219","55","44","40","7","21","0","2","3","0","37","2608"
"Vladimir Gutierrez","CIN","1","6","7.61","10","8","0","0","0","0","0","36.2","179","46","31","31","8","24","1","6","2","0","29","19278"
"Dallas Keuchel","- - -","2","9","9.20","14","14","0","0","0","0","0","60.2","303","94","69","62","11","31","2","0","3","0","45","9434"
